ID,Round Duration,Error Count,Total Eye Interactables
12,12.2025182367883,2,12
12,14.4836304029273,4,12
12,15.9219112308406,0,12
