ID,Round Duration,Error Count,Total Eye Interactables
1,15.9934283060225,4,12
1,16.2953770762014,2,12
1,18.0460597128161,1,12
