ID,Round Duration,Error Count,Total Eye Interactables
7,15.2218451794197,0,12
7,14.4166125004134,3,12
7,13.7965867755412,1,12
