ID,Round Duration,Error Count,Total Eye Interactables
9,13.7530452100301,2,12
9,11.983693420905,0,12
9,17.1992939515696,2,12
