ID,Round Duration,Error Count,Total Eye Interactables
11,15.7227912110168,4,12
11,18.0760731329319,6,12
11,14.9283479217801,6,12
