ID,Round Duration,Error Count,Total Eye Interactables
7,8.11227581625396,2,12
7,7.04311982565236,2,12
7,8.805189099860888,3,12
