ID,Round Duration,Error Count,Total Eye Interactables
16,7.912791516488773,3,12
16,8.424160031204545,2,12
16,8.248070600850209,1,12
