ID,Round Duration,Error Count,Total Eye Interactables
8,7.325429454561282,4,12
8,7.984758502755037,1,12
8,7.42181440090901,1,12
