ID,Round Duration,Error Count,Total Eye Interactables
13,7.877002754705324,1,12
13,7.572277417723619,0,12
13,7.627064803342657,3,12
