ID,Round Duration,Error Count,Total Eye Interactables
15,8.39362550737675,1,12
15,7.00715877812616,3,12
15,8.05522447447526,0,12
