ID,Round Duration,Error Count,Total Eye Interactables
12,8.569977323885322,2,12
12,8.778169714955657,1,12
12,8.08044817173517,4,12
