ID,Round Duration,Error Count,Total Eye Interactables
13,14.3145709669465,0,12
13,13.3954454615568,7,12
13,14.677428576668,0,12
