ID,Round Duration,Error Count,Total Eye Interactables
14,17.8670309745798,4,12
14,17.1315874170986,3,12
14,10.0024817167226,1,12
