ID,Round Duration,Error Count,Total Eye Interactables
15,16.7750232288325,1,12
15,14.4601324618486,2,12
15,15.1312983162225,3,12
