ID,Round Duration,Error Count,Total Eye Interactables
16,11.7850335308775,7,12
16,15.3692677170646,3,12
16,15.5197655884968,0,12
