ID,Round Duration,Error Count,Total Eye Interactables
8,15.1333145570172,4,12
8,14.6474286761485,1,12
8,17.4017855438991,2,12
