ID,Round Duration,Error Count,Total Eye Interactables
11,7.14246358246487,1,12
11,7.1095320419432,0,12
11,8.61872376222379,0,12
