ID,Round Duration,Error Count,Total Eye Interactables
1,7.86582518200148,4,12
1,7.84838649269582,3,12
1,7.8506643138509,0,12
