ID,Round Duration,Error Count,Total Eye Interactables
14,7.307061275472961,3,12
14,8.987133287455075,1,12
14,8.451106775421195,3,12
