ID,Round Duration,Error Count,Total Eye Interactables
9,7.64807926196461,4,12
9,7.80870002998286,1,12
9,7.05747601349636,0,12
